mode,view,threads,run,serial_ms,thread_ms
cyclic,1,2,1,479.896,247.120
cyclic,1,2,2,479.306,245.791
cyclic,1,2,3,476.468,244.231
cyclic,1,2,4,477.080,259.635
cyclic,1,2,5,482.893,248.379
cyclic,1,3,1,475.140,166.786
cyclic,1,3,2,472.438,165.712
cyclic,1,3,3,474.526,166.939
cyclic,1,3,4,473.016,166.533
cyclic,1,3,5,473.054,166.565
cyclic,1,4,1,466.287,129.242
cyclic,1,4,2,473.297,128.085
cyclic,1,4,3,475.644,129.970
cyclic,1,4,4,472.417,127.960
cyclic,1,4,5,473.192,129.188
cyclic,1,5,1,467.909,107.749
cyclic,1,5,2,471.545,108.113
cyclic,1,5,3,466.827,108.618
cyclic,1,5,4,466.878,107.500
cyclic,1,5,5,471.334,107.466
cyclic,1,6,1,469.187,90.223
cyclic,1,6,2,472.342,90.152
cyclic,1,6,3,470.309,90.133
cyclic,1,6,4,468.859,90.160
cyclic,1,6,5,469.362,89.962
cyclic,1,7,1,474.612,77.442
cyclic,1,7,2,467.243,77.424
cyclic,1,7,3,469.081,77.278
cyclic,1,7,4,472.978,77.443
cyclic,1,7,5,468.336,77.594
cyclic,1,8,1,474.786,92.069
cyclic,1,8,2,468.466,86.399
cyclic,1,8,3,470.399,89.525
cyclic,1,8,4,474.054,87.558
cyclic,1,8,5,473.265,89.811
cyclic,1,16,1,469.947,76.654
cyclic,1,16,2,473.781,76.831
cyclic,1,16,3,471.133,82.585
cyclic,1,16,4,475.410,79.101
cyclic,1,16,5,476.245,79.877
cyclic,2,2,1,276.352,143.401
cyclic,2,2,2,278.676,144.023
cyclic,2,2,3,274.253,142.846
cyclic,2,2,4,279.159,143.682
cyclic,2,2,5,275.951,142.911
cyclic,2,3,1,276.047,98.124
cyclic,2,3,2,273.632,97.807
cyclic,2,3,3,277.634,98.639
cyclic,2,3,4,278.542,97.928
cyclic,2,3,5,278.166,98.005
cyclic,2,4,1,280.495,77.077
cyclic,2,4,2,276.149,76.652
cyclic,2,4,3,278.276,76.424
cyclic,2,4,4,275.482,77.892
cyclic,2,4,5,279.078,76.322
cyclic,2,5,1,276.732,64.901
cyclic,2,5,2,278.861,64.436
cyclic,2,5,3,280.407,64.586
cyclic,2,5,4,276.362,64.800
cyclic,2,5,5,276.104,64.813
cyclic,2,6,1,279.017,54.089
cyclic,2,6,2,275.431,54.004
cyclic,2,6,3,275.278,54.083
cyclic,2,6,4,279.600,54.032
cyclic,2,6,5,278.500,54.216
cyclic,2,7,1,279.327,46.658
cyclic,2,7,2,276.242,46.662
cyclic,2,7,3,279.575,46.516
cyclic,2,7,4,280.327,46.521
cyclic,2,7,5,278.592,46.587
cyclic,2,8,1,278.491,50.742
cyclic,2,8,2,276.597,53.725
cyclic,2,8,3,278.033,49.667
cyclic,2,8,4,278.931,53.609
cyclic,2,8,5,275.462,51.331
cyclic,2,16,1,276.379,46.414
cyclic,2,16,2,279.436,48.263
cyclic,2,16,3,280.078,48.646
cyclic,2,16,4,278.482,45.577
cyclic,2,16,5,279.466,46.663
block,1,2,1,467.762,243.797
block,1,2,2,473.909,244.425
block,1,2,3,470.976,245.263
block,1,2,4,472.206,246.419
block,1,2,5,474.268,245.783
block,1,3,1,472.699,288.797
block,1,3,2,466.767,292.056
block,1,3,3,476.331,291.684
block,1,3,4,467.978,293.344
block,1,3,5,474.638,291.682
block,1,4,1,468.770,200.046
block,1,4,2,470.118,199.124
block,1,4,3,468.043,198.410
block,1,4,4,470.484,201.780
block,1,4,5,472.250,200.047
block,1,5,1,473.737,194.989
block,1,5,2,472.499,197.151
block,1,5,3,472.570,195.838
block,1,5,4,469.105,195.335
block,1,5,5,467.310,194.412
block,1,6,1,470.877,153.265
block,1,6,2,472.155,153.820
block,1,6,3,473.016,152.106
block,1,6,4,474.115,151.944
block,1,6,5,471.106,153.611
block,1,7,1,472.000,144.400
block,1,7,2,469.359,145.076
block,1,7,3,471.441,145.805
block,1,7,4,475.152,144.946
block,1,7,5,475.053,147.183
block,1,8,1,473.883,125.289
block,1,8,2,475.009,124.331
block,1,8,3,473.299,125.777
block,1,8,4,471.397,125.129
block,1,8,5,474.073,125.785
block,1,16,1,473.602,82.125
block,1,16,2,471.094,94.144
block,1,16,3,473.704,88.544
block,1,16,4,468.628,95.455
block,1,16,5,472.663,80.088
block,2,2,1,275.771,170.066
block,2,2,2,278.107,167.071
block,2,2,3,275.533,166.452
block,2,2,4,277.790,167.930
block,2,2,5,279.384,167.816
block,2,3,1,273.940,129.302
block,2,3,2,274.597,129.619
block,2,3,3,278.298,130.822
block,2,3,4,277.666,131.059
block,2,3,5,277.253,129.689
block,2,4,1,277.966,110.770
block,2,4,2,279.155,110.335
block,2,4,3,275.459,110.053
block,2,4,4,279.475,110.292
block,2,4,5,276.023,109.890
block,2,5,1,275.139,99.029
block,2,5,2,280.211,98.892
block,2,5,3,275.894,98.715
block,2,5,4,280.076,98.734
block,2,5,5,277.932,99.046
block,2,6,1,279.721,87.510
block,2,6,2,277.877,87.109
block,2,6,3,275.970,84.791
block,2,6,4,278.882,87.203
block,2,6,5,280.025,86.702
block,2,7,1,277.719,77.708
block,2,7,2,278.969,77.708
block,2,7,3,276.683,77.940
block,2,7,4,278.305,78.195
block,2,7,5,273.459,78.084
block,2,8,1,279.785,70.053
block,2,8,2,277.262,69.871
block,2,8,3,279.211,70.339
block,2,8,4,279.881,70.525
block,2,8,5,277.787,70.453
block,2,16,1,277.499,47.322
block,2,16,2,279.360,46.698
block,2,16,3,279.106,48.127
block,2,16,4,280.196,49.386
block,2,16,5,281.260,47.250
